Dataset,GAPResNet 0,GAPResNet 1,GAPResNet 2,GAPResNet 3,GAPResNet 4,InstanceResNet 0,InstanceResNet 1,InstanceResNet 2,InstanceResNet 3,InstanceResNet 4,AttentionResNet 0,AttentionResNet 1,AttentionResNet 2,AttentionResNet 3,AttentionResNet 4,AdditiveResNet 0,AdditiveResNet 1,AdditiveResNet 2,AdditiveResNet 3,AdditiveResNet 4,ConjunctiveResNet 0,ConjunctiveResNet 1,ConjunctiveResNet 2,ConjunctiveResNet 3,ConjunctiveResNet 4,GAPResNetEnsemble 0,InstanceResNetEnsemble 0,AttentionResNetEnsemble 0,AdditiveResNetEnsemble 0,ConjunctiveResNetEnsemble 0
Adiac,9.983002662658691,9.805627822875977,5.568976402282715,5.5553059577941895,7.507884979248047,11.412029266357422,8.008768081665039,10.088702201843262,5.632720947265625,9.360921859741213,1.7089849710464478,-1.9507818222045896,-0.6265778541564941,-4.492588996887207,-0.1880116462707519,5.9744977951049805,10.152443885803224,10.711803436279297,6.186721324920654,9.669702529907228,6.8044047355651855,6.399766445159912,7.65538740158081,6.853251457214356,8.60098648071289,7.426431179046631,8.727675437927246,0.0065560950897634,7.979424476623535,6.808423042297363
ArrowHead,3.1133949756622314,4.650280475616455,4.167769908905029,4.897424221038818,4.862185955047607,3.7525110244750977,3.594557046890259,2.7027268409729004,5.41804313659668,3.3370046615600586,0.3108782172203064,-0.0120716160163283,-0.000345981796272,0.0177068449556827,-1.0502471923828125,3.866344451904297,3.710008382797241,3.417952537536621,5.971417427062988,4.451192855834961,4.376879692077637,4.533859729766846,3.857668876647949,3.1652579307556152,3.9627766609191895,4.103774070739746,3.3513901233673096,0.2701193392276764,4.067300796508789,3.666948080062866
Beef,4.2202630043029785,4.582173824310303,3.372919797897339,4.164509296417236,4.88948392868042,4.6469573974609375,4.3398637771606445,4.156917572021484,4.725144386291504,4.716103076934815,0.4175286889076233,0.0793088898062706,-0.3366041779518127,-0.3841647803783417,0.0669501349329948,4.4020304679870605,4.176363468170166,4.063043594360352,5.098280906677246,4.320547103881836,3.802545070648194,5.0433220863342285,4.679807662963867,4.43379545211792,5.076002597808838,3.7903800010681152,4.245513916015625,-0.068742349743843,3.6719539165496826,4.143394947052002
BeetleFly,2.13039779663086,3.129779815673828,3.498594284057617,4.254862785339356,2.961538791656494,2.607722520828247,3.415435791015625,4.0534491539001465,6.157242774963379,3.51832127571106,0.9058175086975098,-0.7072836756706238,-0.2320795953273773,-1.2166786193847656,0.3332359194755554,4.4438347816467285,-0.5115879774093628,4.077641487121582,5.093118190765381,2.697695255279541,5.203646659851074,4.434010028839111,3.7246460914611816,5.75740909576416,4.234423637390137,2.4356348514556885,3.127114534378052,-0.5875850915908813,3.455654621124268,3.911814212799072
BirdChicken,4.855213165283203,1.7520084381103516,3.53015661239624,3.4685657024383545,1.857526779174805,1.6225521564483645,3.5063910484313965,3.4346232414245605,1.5075461864471436,-1.94425368309021,2.4330739974975586,-0.0497204288840293,1.9526386260986328,-0.3794881701469421,-1.9642353057861328,1.1766445636749268,3.255063533782959,2.606784582138061,2.0263733863830566,2.4584527015686035,3.787720441818237,3.6523280143737793,2.96026873588562,4.097261428833008,3.8273539543151855,3.127262592315674,1.9421558380126955,-0.2585434913635254,1.98844850063324,3.126950025558472
Car,12.49332046508789,21.21535873413086,21.97783470153809,9.938706398010254,11.201680183410645,15.090394020080566,15.405776023864746,9.387755393981934,18.46664810180664,20.806127548217773,19.542604446411133,6.803700923919678,3.1718735694885254,19.6051082611084,24.31615829467773,13.365548133850098,14.95248317718506,7.689682483673096,11.82650661468506,11.819498062133787,14.17286491394043,8.730416297912598,13.430005073547363,6.284156799316406,22.424842834472656,16.23297119140625,16.732593536376953,13.687588691711426,11.585562705993652,12.30247688293457
CBF,3.169251680374145,2.509819269180298,2.423943281173706,2.5051400661468506,3.2213380336761475,2.0249626636505127,3.0018346309661865,2.627998352050781,2.277784824371338,1.8079321384429927,-0.6041571497917175,0.0144640291109681,-0.2168284505605697,-0.6941970586776733,-1.1282365322113037,2.947737455368042,3.816042900085449,3.246742010116577,3.094984769821167,3.2794997692108154,5.133498668670654,2.8328747749328613,4.933045864105225,2.716456174850464,2.625229358673096,2.628551959991455,2.1701149940490723,0.0070465407334268,3.089251756668091,3.032853841781616
ChlorineConcentration,4.482395172119141,3.711237668991089,4.257053375244141,4.959298133850098,3.8316164016723633,4.959306240081787,4.131993293762207,4.365879058837891,4.657567501068115,5.379229545593262,-0.7815137505531311,0.9809319376945496,-1.6777087450027466,-0.2641895711421966,-0.0378283187747001,4.601258277893066,4.595014572143555,2.6468377113342285,3.5216381549835205,4.271079063415527,5.085801601409912,3.69108510017395,3.300048351287842,4.228958606719971,3.834005832672119,3.825080156326294,4.329184055328369,-0.4718181192874908,3.505732297897339,3.905080556869507
CinCECGTorso,5.745020389556885,5.017841339111328,3.618264675140381,5.179394721984863,4.5007004737854,4.30477237701416,3.926628828048706,4.204849243164063,2.998817205429077,2.5331151485443115,-8.502426147460938,-3.534074306488037,-1.2105791568756104,-9.830589294433594,-2.869190692901612,5.322852611541748,4.881901741027832,4.48220682144165,4.720912933349609,6.011495113372803,6.175261497497559,2.1702330112457275,6.093195915222168,5.448240756988525,4.669702053070068,4.740090370178223,3.3554434776306152,-4.216559410095215,4.909997940063477,4.52899169921875
Coffee,4.890695095062256,6.791656017303467,4.2651214599609375,5.869118690490723,3.789231538772583,3.410245656967163,5.460713863372803,2.5051424503326416,4.102905750274658,5.29929256439209,4.53089714050293,5.2687087059021,4.846710205078125,3.6134533882141113,4.871125221252441,6.031376838684082,3.0012307167053223,5.418323993682861,3.995359897613525,9.583544731140137,4.876247882843018,6.395702362060547,6.919023036956787,4.500950813293457,5.755185604095459,4.889560699462891,4.4622321128845215,5.111483097076416,4.749642372131348,5.460834503173828
Computers,3.1059558391571045,3.552364110946656,3.6483325958251953,3.984386920928955,3.64452600479126,3.205552339553833,3.915395498275757,3.5132596492767334,3.544928789138794,3.65333890914917,2.8207790851593018,2.6469521522521973,1.2989503145217896,1.9543302059173584,1.8046162128448489,4.003683090209961,3.38655686378479,3.4542386531829834,3.3996102809906006,3.670654058456421,3.448408365249634,4.204944133758545,4.482832431793213,3.87188172340393,3.895196676254273,3.51932692527771,3.353482484817505,2.083052158355713,3.427180528640747,3.652322292327881
CricketX,6.693558216094971,6.237838268280029,7.425084590911865,7.528946399688721,7.129395008087158,7.325767040252685,6.533443450927734,7.061875343322754,6.475193500518799,6.855062007904053,-3.0490965843200684,-3.862581491470337,-2.949145555496216,-2.944423198699951,-3.357972383499145,7.346468925476074,7.381336212158203,6.526609420776367,6.958466053009033,7.690958023071289,7.372614860534668,7.280947208404541,7.030696392059326,6.537787914276123,6.551784038543701,6.659764766693115,6.395041942596436,-3.354877233505249,6.745959758758545,6.594450950622559
CricketY,6.693483829498291,6.441362380981445,6.371215343475342,5.684147357940674,6.817713260650635,6.851419925689697,6.662231922149658,6.699190616607666,6.455626487731934,5.828673362731934,-1.951181054115296,-2.040550470352173,-1.999247908592224,-1.5049198865890503,-2.197540760040283,6.748072624206543,6.962803840637207,7.314540863037109,6.58091926574707,6.136519908905029,7.047953128814697,6.81006383895874,7.136440753936768,7.102798461914063,6.971901893615723,6.069669723510742,6.104663848876953,-1.7903971672058103,6.248358726501465,6.530039310455322
CricketZ,7.819355964660644,7.605709075927734,7.246484279632568,8.072596549987793,7.437775611877441,7.147771835327148,7.458394050598144,7.272811412811279,7.679637432098389,7.398415565490723,-2.3363378047943115,-2.7970058917999268,-2.594527244567871,-2.68753981590271,-2.165928363800049,7.535790920257568,7.154829025268555,7.224544048309326,6.959628582000732,6.75541877746582,7.432012557983398,7.464851379394531,7.203758716583252,6.858764171600342,7.64063549041748,7.146764278411865,6.887053489685059,-2.7792484760284424,6.703336715698242,6.910576820373535
DiatomSizeReduction,3.132172107696533,3.4421348571777344,6.251938819885254,4.487286567687988,4.663811683654785,3.071183443069458,5.231374740600586,2.914621114730835,3.7397871017456055,2.209956884384156,2.0746874809265137,-0.1039687693119049,3.016495704650879,0.4771997928619385,-0.1518287062644958,5.731501579284668,-1.0545402765274048,4.314685344696045,0.538779616355896,4.60954475402832,3.956061840057373,0.7346601486206055,2.036668300628662,4.327715873718262,-0.200956106185913,4.277077674865723,3.2296390533447266,-0.0510313063859939,3.173282623291016,2.9324302673339844
DistalPhalanxOutlineAgeGroup,1.5368261337280271,3.229652166366577,3.891683340072632,1.5748353004455566,2.910063505172729,-0.2991649508476257,3.7717483043670654,1.4436306953430176,3.742405891418457,3.751410484313965,4.500280857086182,-0.7231408953666687,-2.608142614364624,-1.942327857017517,-5.639921188354492,3.921482801437378,2.5739433765411377,2.716796636581421,1.8631047010421755,1.6812649965286257,1.115774393081665,4.03950309753418,4.810280799865723,4.24608039855957,5.786599159240723,1.826752781867981,1.8091121912002563,-0.5273444652557373,1.6119592189788818,3.212400436401367
DistalPhalanxOutlineCorrect,3.5868139266967773,2.2004222869873047,3.83616042137146,4.1892266273498535,3.390730381011963,3.620708703994751,3.7396981716156006,4.8310160636901855,4.661882400512695,3.6817898750305176,-0.3730039298534393,-0.326500803232193,-0.4956033229827881,-1.5057730674743652,0.244767963886261,2.989417552947998,2.4025442600250244,4.110098361968994,4.706563472747803,4.676999092102051,7.574566841125488,3.9816734790802,4.5017991065979,4.340202808380127,5.498190879821777,3.3483033180236816,4.0326690673828125,-0.6791842579841614,3.5949349403381348,4.733903408050537
DistalPhalanxTW,2.3514328002929688,3.4397246837615967,2.841269016265869,4.881604194641113,-0.1165083348751068,1.4104276895523071,2.42842960357666,-0.6183812618255615,3.0257408618927,-0.622755765914917,-1.8617231845855715,-5.018699169158936,1.853129744529724,-1.1944537162780762,-8.439796447753906,1.1332191228866575,1.1262434720993042,3.916358947753906,2.247434616088867,1.723238825798035,1.0564628839492798,1.6175248622894287,1.903365015983581,0.207758292555809,0.0184562299400568,2.0380897521972656,0.3229690492153168,0.4538742005825043,1.0123951435089111,0.0975202396512031
Earthquakes,5.351476669311523,5.070819854736328,6.7280802726745605,4.966272354125977,5.965025424957275,5.3345561027526855,6.007754802703857,5.128944396972656,5.980081558227539,5.674972057342529,2.167729139328003,2.4291579723358154,3.598881959915161,1.4064537286758425,2.087674617767334,4.975790500640869,4.988503456115723,4.140711307525635,4.857280254364014,4.992678165435791,5.3588080406188965,5.479589939117432,6.121377944946289,5.751523017883301,4.196836471557617,5.688292026519775,5.43636417388916,2.447402000427246,5.133667469024658,5.4217939376831055
ECG200,3.6863741874694815,4.8053178787231445,5.189833164215088,4.866107940673828,5.889089584350586,4.580043792724609,3.201796054840088,3.919627904891968,2.895473957061768,4.370450019836426,0.0444620996713638,-0.3550021350383758,0.0210357047617435,0.1225149631500244,-0.4939348995685577,3.7341971397399902,3.782830238342285,2.956369400024414,2.5713107585906982,2.245250940322876,3.147621154785156,2.6929357051849365,3.604990959167481,3.230608463287353,1.9274773597717283,4.702087879180908,3.47605037689209,-0.0748810470104217,2.821716070175171,2.601505756378174
ECG5000,5.822793483734131,6.414681434631348,6.838311672210693,5.023963928222656,6.205738544464111,7.112679481506348,6.595681190490723,6.293465614318848,5.360596179962158,5.220613956451416,4.042194366455078,6.102261543273926,4.2532267570495605,4.065570831298828,4.717064380645752,5.437108516693115,5.996389389038086,5.362306118011475,4.308495998382568,6.899716854095459,6.12408447265625,7.849510669708252,6.7311835289001465,5.837118148803711,7.287556648254394,5.987269401550293,5.974478721618652,3.8293471336364746,5.312002658843994,6.385553359985352
ECGFiveDays,6.275661945343018,6.545334339141846,2.747255325317383,3.645984172821045,0.6576353907585144,1.2040090560913086,17.451400756835938,4.155872821807861,6.95070219039917,6.01516056060791,1.6125760078430176,0.113142155110836,0.108219601213932,1.0462146997451782,1.9400421380996704,-0.1077698543667793,6.51800012588501,2.406747341156006,3.833970069885254,2.468812942504883,2.7184886932373047,2.89994740486145,4.419583320617676,4.826592445373535,0.9723684787750244,4.556362152099609,6.836479663848877,1.288482666015625,3.4407968521118164,2.140401840209961
ElectricDevices,2.3936445713043213,2.6685492992401123,2.996678590774536,3.3968186378479004,2.318223476409912,4.36350679397583,4.759945869445801,4.6717939376831055,3.91986894607544,4.233396530151367,-1.23990797996521,-1.5353204011917114,-0.7071362733840942,-0.8086157441139221,-0.9696440696716307,6.16722583770752,4.506520748138428,4.698505401611328,5.277185440063477,3.7481226921081534,4.24276876449585,5.132297515869141,6.535813808441162,4.74902868270874,5.472330570220947,2.6069083213806152,3.569746732711792,-0.6641530394554138,3.845308780670166,3.9434118270874015
FaceAll,2.7949790954589844,3.346612930297852,2.9220802783966064,2.877671718597412,3.223575592041016,3.3044214248657227,3.692872285842896,3.746516227722168,3.923728704452514,3.41454815864563,-5.13348388671875,-3.9595232009887695,-4.918911933898926,-5.450629711151123,-5.632255554199219,3.1696441173553467,3.348899602890014,4.089226722717285,3.2624568939208984,1.455938458442688,3.680899381637573,3.935972929000856,3.3005387783050537,3.0408413410186768,3.2261605262756348,2.436636686325073,3.0948596000671387,-4.854274272918701,2.518759250640869,2.999916076660156
FaceFour,6.029844760894775,5.445724964141846,6.605230808258057,5.682542324066162,6.046999454498291,5.251096248626709,5.577882766723633,5.202140331268311,6.752574920654297,6.719762325286865,0.8951746821403503,-2.1012156009674072,1.2951687574386597,1.6392822265625,1.2202962636947632,4.911524295806885,6.199282169342041,5.603633403778076,5.812711715698242,6.024069309234619,5.909803867340088,6.109489917755127,6.560240268707275,5.6820244789123535,6.245744705200195,5.719781398773193,5.793942928314209,0.5250287652015686,5.424737930297852,5.981940746307373
FacesUCR,5.785722255706787,5.906426429748535,5.144084453582764,6.376613616943359,5.923474311828613,4.917699813842773,5.851256847381592,5.026203632354736,5.736130237579346,5.914352416992188,0.4614459872245788,0.5101688504219055,0.5354347825050354,0.3831995725631714,-0.0182915106415748,5.368984222412109,5.372399806976318,5.546826362609863,5.862188816070557,5.674746036529541,4.804675102233887,5.152103424072266,4.812311172485352,3.7742278575897217,5.484429836273193,5.522150993347168,5.307227611541748,0.1276176869869232,5.232467651367188,4.591888427734375
FiftyWords,7.4914870262146,6.622318267822266,6.993639945983887,6.731266975402832,6.998752593994141,6.874937057495117,6.436805248260498,6.439291477203369,6.036900043487549,6.8815016746521,-3.0411648750305176,-2.6911962032318115,-2.139019250869751,-2.7849931716918945,-2.3109025955200195,6.393429756164551,6.2394185066223145,6.001200675964356,6.352609634399414,6.227014064788818,6.013513565063477,5.857290267944336,6.457790851593018,5.657223224639893,6.123294830322266,6.644293308258057,6.014941215515137,-2.3055202960968018,5.916784286499023,5.588768005371094
Fish,8.13427734375,7.650135517120361,7.514068126678467,9.626432418823242,7.022228717803955,13.053500175476074,15.520623207092283,12.026277542114258,12.247480392456056,9.093765258789062,-0.9109962582588196,-0.835619330406189,-0.1991881728172302,-0.1797686219215393,-0.168298602104187,12.852815628051758,11.09782600402832,17.911447525024414,9.65269374847412,13.558003425598145,10.12532901763916,11.3818941116333,11.254642486572266,10.090797424316406,9.706879615783691,7.672434329986572,12.603171348571776,-0.8007173538208008,12.526583671569824,9.644953727722168
FordA,6.214804172515869,6.398678302764893,5.932661533355713,6.535089015960693,5.562688827514648,7.165844917297363,7.239504337310791,6.07142972946167,5.395919799804688,4.838013172149658,-0.4238224327564239,-0.1924873441457748,0.1988070458173751,-0.1615767031908035,-0.0440318807959556,7.114612102508545,7.268589496612549,4.907963752746582,7.89778995513916,5.558055400848389,7.150855541229248,6.85092306137085,5.279119491577148,6.697199821472168,7.5669026374816895,6.84609842300415,6.648110866546631,0.0269128251820802,7.166264533996582,6.905055999755859
FordB,9.939993858337402,10.186033248901367,9.312583923339844,8.07922649383545,8.380833625793457,6.848624706268311,5.612428188323975,8.739790916442871,4.869728088378906,7.7534260749816895,0.4395510554313659,0.5714340209960938,0.3518336117267608,0.9161550402641296,0.7912909984588623,9.755194664001465,6.671611785888672,7.446149826049805,8.991410255432129,6.886689186096191,7.697897434234619,9.763254165649414,9.562761306762695,7.131313323974609,6.321223735809326,9.537372589111328,7.782491683959961,0.6510286927223206,8.616987228393555,7.988011360168457
GunPoint,3.036473274230957,2.185691595077514,2.53389573097229,-0.9614243507385254,4.001158714294434,0.254825234413147,1.716302752494812,4.568904399871826,1.8327189683914185,2.5886807441711426,-4.08513879776001,-7.088621139526367,-2.077713966369629,-3.069216012954712,-0.764330267906189,0.3122819662094116,-2.410583019256592,-0.5344136953353882,2.3320059776306152,0.9881866574287416,2.7233874797821045,0.7427045702934265,2.4508533477783203,1.874639749526977,2.3130691051483154,2.604618549346924,1.972158670425415,-1.5244075059890747,0.507936954498291,1.8128845691680908
Ham,8.353986740112305,7.730066299438477,5.983034133911133,7.669783592224121,8.827485084533691,6.186991691589356,6.166056156158447,5.375998020172119,7.397223949432373,6.407876014709473,2.630659580230713,2.08516526222229,2.9070687294006348,1.7790745496749878,2.432312250137329,6.679687976837158,7.585173606872559,7.43955135345459,5.866091251373291,6.983307838439941,7.822174549102783,5.864882946014404,5.479856491088867,8.130461692810059,7.0062575340271,7.298037052154541,6.040086269378662,2.059155941009521,6.638860702514648,6.606939315795898
HandOutlines,15.094447135925291,15.968132019042969,18.41960906982422,37.37198257446289,22.097728729248047,14.395925521850586,44.8463020324707,13.6251859664917,60.06243133544922,20.80670547485352,8.833580017089844,5.449326992034912,8.3525972366333,25.63817024230957,7.76124906539917,-4.488827228546143,16.29204750061035,30.186742782592773,16.428176879882812,63.402976989746094,20.504539489746094,26.715131759643555,12.231156349182127,68.8580551147461,15.54380226135254,21.292484283447266,19.725929260253903,10.052443504333496,18.76850700378418,23.366334915161133
Haptics,7.108767032623291,7.360590934753418,7.489880561828613,7.495153427124023,8.17742919921875,5.894138813018799,7.164264678955078,7.456698894500732,7.831354141235352,7.615310192108154,-0.8942522406578064,-0.3996060192584991,-0.6700952053070068,-1.264742136001587,-1.181362271308899,6.641374588012695,8.139103889465332,8.16978645324707,6.51455020904541,7.560356140136719,8.358323097229004,7.438235759735107,7.155118942260742,7.572637557983398,8.480545997619629,7.226982116699219,6.786570549011231,-1.427368402481079,6.675045490264893,7.217340469360352
Herring,6.319395065307617,7.163368225097656,8.3241548538208,9.732462882995604,6.207305908203125,10.18271827697754,7.339516639709473,9.157513618469238,7.1204447746276855,6.699974060058594,0.5174614191055298,0.7876260280609131,0.1300218403339386,0.4589903056621551,-0.3097401857376098,-1.069380760192871,6.446764945983887,9.850481033325195,8.203197479248047,8.703660011291504,5.998806953430176,10.22907829284668,9.935656547546388,4.9259114265441895,7.543704032897949,7.722356796264648,7.705133438110352,0.4307518601417541,5.264792919158936,5.474101543426514
InlineSkate,11.38735580444336,10.083563804626465,12.418493270874023,8.499034881591797,9.85463523864746,10.282397270202637,9.111665725708008,9.738116264343262,11.86673069000244,8.938376426696777,-0.4983492195606231,-0.087923914194107,-1.0656551122665403,0.0640735402703285,-1.2096168994903564,8.058562278747559,7.852807521820068,11.226611137390137,8.658361434936523,8.202853202819824,9.357959747314451,8.480491638183594,10.881391525268556,10.604602813720703,11.650041580200195,9.489276885986328,9.41684341430664,0.1421673744916916,8.479211807250977,9.206561088562012
InsectWingbeatSound,3.175112724304199,2.927686214447021,3.23271107673645,2.95084285736084,2.96753454208374,3.3921048641204834,2.7159230709075928,3.0386948585510254,3.8635663986206055,3.505510091781616,-2.413160800933838,-3.034220218658448,-2.3966729640960693,-1.8215367794036863,-2.347107410430908,2.781156301498413,3.869492769241333,2.9531519412994385,3.735405445098877,3.4803621768951416,2.8612945079803467,3.404869318008423,3.715034246444702,4.409130096435547,3.2936012744903564,2.8446238040924072,2.990501880645752,-2.2605326175689697,3.0005693435668945,3.203814744949341
ItalyPowerDemand,4.397113800048828,4.266664981842041,3.837301254272461,3.946686267852783,3.429919004440308,3.696440935134888,4.398505210876465,2.8393683433532715,4.297402858734131,4.240049839019775,0.2657375931739807,0.4437623918056488,0.556940495967865,0.6801422238349915,0.3114566802978515,3.599482536315918,4.026769161224365,4.942290306091309,5.555246353149414,5.200321674346924,5.078088760375977,5.895330429077148,5.355406761169434,5.748359680175781,3.2290642261505127,4.047025203704834,4.034392833709717,0.6261865496635437,4.691586971282959,4.921396732330322
LargeKitchenAppliances,9.907918930053713,10.14112949371338,11.166396141052246,11.892848014831545,12.616230010986328,11.148103713989258,10.91594123840332,10.75937557220459,10.197736740112305,12.202262878417969,7.110186100006104,7.187534332275391,6.3637213706970215,7.805129051208496,7.712584495544434,9.81239414215088,10.587467193603516,9.83291244506836,11.158727645874023,11.32905101776123,9.656185150146484,12.325242042541504,11.3580322265625,9.607335090637209,10.539095878601074,11.51474952697754,10.62366008758545,7.433143138885498,10.778558731079102,10.509547233581545
Lightning2,4.459607601165772,4.785233974456787,4.107771873474121,4.284238338470459,5.01416015625,4.711684703826904,4.717456340789795,4.6167426109313965,4.525149345397949,4.607504367828369,-0.2147304862737655,0.5483149886131287,0.6077298521995544,-0.7127613425254822,0.3032708764076233,5.3469977378845215,4.094208240509033,5.877779006958008,6.07319450378418,5.229874610900879,5.0889434814453125,5.877534866333008,4.142395496368408,5.444221496582031,5.262657642364502,4.303863048553467,4.304928302764893,0.3435535430908203,5.156951427459717,4.928189754486084
Lightning7,4.57765531539917,4.801145076751709,4.153850078582764,4.722812175750732,4.3527350425720215,4.63048267364502,4.898792743682861,4.719726085662842,4.58320426940918,4.6121697425842285,-0.3168587684631347,-0.1459050327539444,-0.1737565994262695,-0.7884334325790405,-1.6051785945892334,5.027982711791992,4.163609027862549,4.883594036102295,4.845922470092773,4.783407688140869,5.058793544769287,4.562753677368164,4.644438743591309,3.707887887954712,5.271610736846924,4.481406211853027,4.498971939086914,-0.7923945188522339,4.6526970863342285,4.456104755401611
Mallat,6.804429054260254,6.974853515625,8.151485443115234,8.889017105102539,6.818264484405518,5.939304828643799,8.34631061553955,6.631356716156006,7.357561111450195,8.268712043762207,-0.0976595804095268,-3.758448600769043,-1.939036250114441,-1.0760427713394165,-2.3043084144592285,6.211509704589844,8.114375114440918,7.189416408538818,8.122648239135742,7.183027267456055,7.443305015563965,6.130075454711914,8.097579956054688,7.313405990600586,9.034346580505373,7.317929267883301,7.314635753631592,-1.8589972257614136,6.837985038757324,7.101117134094238
Meat,2.357899904251098,2.4026331901550293,4.468810081481934,4.206377029418945,4.068009376525879,3.917210817337036,4.0891828536987305,6.489218711853027,4.774479389190674,5.174075603485107,1.3825703859329224,-0.4508922696113586,-0.0326584726572036,1.198575496673584,0.0422519110143184,5.907114028930664,4.071226596832275,-1.663387894630432,3.499565362930298,3.8753178119659424,8.742484092712402,2.1574926376342773,3.5262179374694824,3.7442126274108887,3.68139386177063,3.138430595397949,3.608955144882202,1.4143280982971191,3.58657455444336,3.4461374282836914
MedicalImages,3.565670728683472,3.2967686653137207,3.204646348953247,3.747768878936768,3.578176498413086,3.288649797439575,3.134993076324463,2.9259908199310303,2.6453003883361816,2.8369784355163574,-1.970802426338196,-0.1670029461383819,-0.4410983622074127,-2.005652666091919,-1.7929664850234983,3.2955760955810547,3.337702512741089,3.094898223876953,3.1136956214904785,3.577385425567627,3.059122323989868,3.2597341537475586,3.271916627883911,2.9388322830200195,3.509434223175049,3.3485209941864014,2.8096227645874023,-1.00249445438385,3.036695957183838,2.9096603393554688
MiddlePhalanxOutlineAgeGroup,6.541147232055664,5.054957866668701,3.985482215881348,7.650210380554199,4.670835494995117,6.12198543548584,8.600552558898926,4.078746795654297,6.765883922576904,8.898614883422852,1.6850372552871704,2.70967960357666,1.4069665670394895,3.470057487487793,1.887849926948548,2.5481503009796143,4.211489677429199,2.3333990573883057,3.0617380142211914,2.507746934890747,4.436019420623779,3.802949905395508,5.434297561645508,3.8085741996765137,3.822917461395264,4.536557674407959,6.453859329223633,-0.9472362995147704,2.60721492767334,3.7588753700256334
MiddlePhalanxOutlineCorrect,2.871689796447754,2.880390882492065,4.088908672332764,4.736722469329834,4.034581661224365,7.456573009490967,5.985814571380615,6.822883129119873,1.4730674028396606,9.132909774780272,0.1266370862722396,0.2721834182739258,1.110968828201294,0.0028830973897129,0.4807176291942596,2.9809250831604004,3.018991470336914,5.431476593017578,6.145608901977539,0.3563375771045685,7.514399528503418,-0.8719646334648132,4.207496166229248,2.3522214889526367,4.52097749710083,4.152820587158203,5.821652889251709,0.6626999974250793,3.410956621170044,4.546484470367432
MiddlePhalanxTW,5.235705852508545,-1.1134918928146362,4.276164531707764,1.8865619897842407,2.2007436752319336,1.4922080039978027,2.740927219390869,0.439866840839386,1.3287055492401123,3.810124158859253,-7.141850471496582,-8.936502456665039,-2.111060380935669,-9.411421775817873,-3.610015392303467,0.9513103365898132,2.654989719390869,4.491681098937988,0.9204619526863098,1.3661941289901731,1.9503328800201416,-1.2579249143600464,-2.4997329711914062,3.12121057510376,2.125983715057373,2.5237722396850586,0.3902590870857239,-5.823895454406738,2.0184788703918457,0.1499393880367279
MoteStrain,1.0298258066177368,1.5115193128585815,0.7846168279647827,1.154760479927063,1.262239694595337,1.7679961919784546,1.325571894645691,1.1786575317382812,1.2857288122177124,1.6402517557144165,0.2151748836040496,-1.206772804260254,-0.3963577151298523,0.2327117472887039,-0.6873166561126709,1.627920389175415,1.5842149257659912,2.6062817573547363,2.4960360527038574,1.7006572484970093,3.0387520790100098,3.520106792449951,1.6213337182998655,2.605515241622925,1.8147979974746704,0.9407801628112792,0.937139630317688,-0.3971933722496032,1.3810412883758545,1.5338791608810425
NonInvasiveFetalECGThorax1,11.551413536071776,9.695030212402344,9.844301223754885,13.044530868530272,11.747658729553224,9.083603858947754,7.926811695098877,11.088695526123049,11.078715324401855,11.852953910827637,-15.157211303710938,-4.759490013122559,-19.311792373657227,-13.809871673583984,-21.49432373046875,10.69782543182373,10.316558837890623,12.93964672088623,18.552413940429688,10.712434768676758,7.525666236877441,11.350228309631348,11.675085067749023,10.355628967285156,9.301855087280272,9.259407997131348,8.354117393493652,-6.336789608001709,10.51900863647461,8.477571487426758
NonInvasiveFetalECGThorax2,12.418115615844728,12.224753379821776,11.307561874389648,12.124481201171877,12.23193073272705,11.184245109558104,13.262150764465332,12.2672700881958,11.03423309326172,10.305560111999512,-9.92738914489746,0.7135191559791565,-11.61272144317627,-7.862364292144775,-0.6442815661430359,14.180047035217283,11.645949363708496,16.066219329833984,11.248894691467283,12.460301399230955,12.106293678283691,12.169222831726074,14.893512725830078,13.99921703338623,11.632341384887695,10.334757804870604,9.94562816619873,-1.1997485160827637,11.307199478149414,11.166833877563477
OliveOil,-3.9029135704040527,3.291380882263184,0.7081463932991028,-7.757522106170654,3.271542549133301,10.090493202209473,11.94079303741455,19.60281562805176,4.63651180267334,73.00967407226562,-15.46636962890625,64.7500228881836,23.24519729614257,55.41640853881836,12.152835845947266,5.6598711013793945,8.076506614685059,65.83482360839844,15.598044395446776,29.058258056640625,86.99421691894531,14.406128883361816,-5.668349742889404,78.6769027709961,-0.054208118468523,-1.821997165679932,21.35375595092773,72.2136459350586,34.5840950012207,18.922813415527344
OSULeaf,6.866121768951416,10.394908905029297,7.627929210662842,7.783807277679443,7.496011734008789,7.352733135223389,6.307460784912109,6.837596416473389,6.239056587219238,5.015178680419922,0.1116584241390228,-0.4453868567943573,-0.7742086052894592,-0.1659862101078033,-0.4057411551475525,5.911575794219971,6.276790142059326,5.969205856323242,6.137716293334961,6.952966213226318,9.587828636169434,6.070799350738525,6.797292709350586,6.171207427978516,6.760059833526611,7.827596664428711,5.935004711151123,-0.6307264566421509,6.090296745300293,6.855972766876221
PhalangesOutlinesCorrect,3.0237479209899902,3.6942741870880127,3.134260892868042,4.074993133544922,0.9994906783103944,3.857920169830322,5.9141058921813965,4.332001686096191,5.440953731536865,4.584160327911377,-0.3465239703655243,0.271865576505661,-0.9268858432769777,-1.2269710302352903,1.0010573863983154,4.004436492919922,3.08310604095459,2.4223074913024902,2.8495984077453613,4.71720552444458,2.86962366104126,2.680638551712036,6.085186958312988,2.63679575920105,2.8662219047546387,3.574124336242676,4.868813991546631,-0.0929516404867172,3.878477334976196,4.596169471740723
Phoneme,5.851118087768555,6.011539459228516,6.009000778198242,5.890822887420654,5.808440685272217,5.817522048950195,6.153266906738281,6.296699523925781,6.125955104827881,5.325531482696533,-2.0604324340820312,-2.3973429203033447,-1.984232306480408,-2.3392906188964844,-2.116959571838379,5.7916693687438965,5.883389949798584,6.120645523071289,5.898087024688721,5.302879333496094,5.453512668609619,5.818513870239258,5.711884498596191,5.575233936309815,5.604094982147217,5.273387908935547,5.240710735321045,-1.8081144094467163,5.105437755584717,4.952006340026856
Plane,5.783157825469971,5.451005458831787,5.365470886230469,5.679136276245117,4.302822589874268,4.649204254150391,4.295076847076416,6.156524181365967,5.069324970245361,6.882920265197754,-2.0133113861083984,-1.1549028158187866,-1.772371768951416,-1.3773589134216309,-2.178478956222534,4.082942008972168,4.836095809936523,4.457444190979004,5.076092720031738,7.228482723236084,4.448797702789307,4.897303581237793,5.582551002502441,6.084982872009277,7.021142482757568,4.903642177581787,4.696861743927002,-1.542930006980896,4.618704795837402,4.43450927734375
ProximalPhalanxOutlineAgeGroup,3.5967726707458496,6.620328426361084,10.838007926940918,9.812434196472168,3.2270257472991943,4.469244956970215,0.6331325769424438,3.65182375907898,5.689095497131348,2.9616539478302,0.2658892869949341,3.67475962638855,4.320733547210693,-0.616465151309967,3.07483434677124,6.170401096343994,7.700416088104248,2.781755924224853,7.161096096038818,-2.352475643157959,0.4978285133838653,-4.056065559387207,-3.114018440246582,6.578739166259766,-3.629251003265381,8.743217468261719,1.2356009483337402,-0.9126251339912416,3.136355400085449,-4.7456488609313965
ProximalPhalanxOutlineCorrect,0.6085911989212036,3.451646327972412,1.3755263090133667,3.1400668621063232,1.1634958982467651,3.1769323348999023,4.457851409912109,-1.4313607215881348,4.448279857635498,-1.8492431640625,0.0187831874936819,-0.4499746263027191,-0.2378700971603393,0.2417029589414596,-1.3931140899658203,1.5753635168075562,6.193241119384766,4.392735481262207,-2.244307518005371,6.58067798614502,0.2446392774581909,5.100435256958008,2.1575748920440674,-2.5635273456573486,2.695138454437256,3.172672271728516,1.9212268590927124,0.1315538734197616,3.413750410079956,2.281438112258911
ProximalPhalanxTW,10.032796859741213,4.029844760894775,10.741968154907228,19.37542724609375,10.300800323486328,7.913936614990234,-3.2780442237854004,6.253854274749756,1.4587745666503906,6.8515305519104,1.8267918825149536,-7.34242057800293,-1.823202848434448,-14.036503791809082,-5.435945987701416,5.812708854675293,7.732264518737793,3.2257080078125,4.557370185852051,-0.9446438550949096,9.291257858276367,4.9187331199646,9.05502986907959,6.001938343048096,8.228446006774902,12.03594207763672,3.4606616497039795,-5.423655986785889,2.534345865249634,5.297076225280762
RefrigerationDevices,2.995804786682129,3.372365951538086,3.242348909378052,3.808583974838257,3.2008190155029297,3.222852230072021,3.02415418624878,3.026766300201416,3.62380313873291,3.759850263595581,1.6652156114578247,1.4650579690933228,1.5684537887573242,1.121464490890503,1.2818554639816284,3.665098190307617,3.209194660186768,3.452808618545532,3.448185920715332,3.673980474472046,3.6994104385375977,3.79288387298584,3.5271153450012207,3.602607488632202,3.996159553527832,2.978893518447876,2.7574002742767334,1.44391131401062,2.99927282333374,3.283994197845459
ScreenType,4.01443338394165,4.180899620056152,4.702621936798096,4.286248683929443,3.615239143371582,4.001940727233887,4.788825988769531,4.399319648742676,4.331695079803467,4.094895362854004,1.6521263122558594,0.6802873015403748,0.9170084595680236,0.6670501232147217,1.7083371877670288,4.521224021911621,4.140631675720215,4.282346248626709,4.030666828155518,4.683737277984619,4.56370210647583,4.681644916534424,4.0219926834106445,4.348402500152588,4.987161636352539,4.277292251586914,3.9855241775512695,1.5573053359985352,4.187523365020752,4.186829090118408
ShapeletSim,2.3264622688293457,2.654526710510254,2.763643264770508,5.508446216583252,2.8828587532043457,2.817290544509888,2.4350743293762207,3.080812454223633,2.3028361797332764,2.8818390369415283,0.9197704195976256,0.3884453475475311,0.8750420808792114,0.8292867541313171,0.6125794649124146,3.529114961624145,3.588964462280273,3.726435422897339,3.3311691284179688,3.8094654083251953,3.2751898765563965,3.899801731109619,4.369222640991211,3.9674248695373535,4.053324699401856,2.2883763313293457,1.8919126987457275,-0.2538120448589325,2.2768123149871826,2.7635860443115234
ShapesAll,12.932719230651855,17.1790828704834,14.965185165405272,18.95465850830078,14.192910194396973,14.820364952087402,12.146909713745115,11.967854499816896,15.092243194580078,11.59742832183838,-4.639240741729736,-5.650726795196533,-2.966445207595825,-6.274946212768555,-4.889668941497803,12.718948364257812,15.113207817077637,9.195425987243652,14.59817886352539,13.8283109664917,9.400291442871094,12.5606050491333,13.821648597717283,11.883621215820312,11.1758451461792,15.68992042541504,12.572749137878418,-5.623690128326416,12.443873405456545,11.195919036865234
SmallKitchenAppliances,4.263641357421875,4.205173969268799,5.683816909790039,4.283120632171631,5.337905883789063,6.762645721435547,6.852320194244385,7.603936672210693,5.7112135887146,6.042374134063721,4.02974271774292,2.297187089920044,3.0334455966949463,3.430232524871826,4.3424882888793945,4.548805236816406,1.951834201812744,6.516396522521973,5.989421844482422,3.799205780029297,4.862988471984863,6.696127414703369,3.3141109943389893,4.099024772644043,5.951916694641113,4.8162126541137695,6.344355583190918,3.902940511703491,4.695919990539551,4.630188941955566
SonyAIBORobotSurface1,1.182370901107788,2.2554306983947754,2.1793789863586426,0.6578836441040039,4.111063957214356,1.8515634536743164,2.490602970123291,2.0122735500335693,4.141841888427734,1.2494566440582275,-0.2607115507125854,-1.371273636817932,1.3735847473144531,-0.6180849075317383,-0.0448679439723491,2.786264419555664,3.142008781433105,3.5288453102111816,3.6567516326904297,2.4084677696228027,2.810176134109497,3.421108722686768,0.7374385595321655,2.5783257484436035,3.9729835987091056,2.083760499954224,1.9665353298187256,-0.366601288318634,3.3908138275146484,2.645771026611328
SonyAIBORobotSurface2,0.7395618557929993,-1.7737034559249878,-1.1202796697616575,0.1229976043105125,0.1188112571835517,-1.312423586845398,-1.726874589920044,2.4157304763793945,-0.5018607378005981,-0.4721380174160003,-4.75938606262207,-3.1993520259857178,-3.117454290390014,-0.357770174741745,-5.676803112030029,-0.9258816838264464,-1.630038499832153,-1.0951683521270752,0.8667843341827393,-1.5602846145629885,-1.9275155067443848,1.3747705221176147,0.8055126070976257,-0.6120970249176025,0.1648713946342468,-0.870735228061676,-1.759911298751831,-1.991660475730896,-0.9784829616546632,1.0100401639938354
StarLightCurves,3.237305164337158,7.523128986358643,4.34420919418335,-3.4152982234954834,-0.1702453643083572,13.36404514312744,14.396269798278809,10.218263626098633,10.976930618286133,13.682689666748049,2.4205946922302246,2.2646541595458984,2.184263229370117,1.1828304529190063,3.1302061080932617,8.526751518249512,10.683631896972656,14.778770446777344,8.860288619995117,10.76419162750244,10.09048843383789,10.683951377868652,10.166359901428224,10.836152076721191,11.201101303100586,1.1358288526535034,12.062687873840332,0.9486061930656432,9.60853099822998,8.81050968170166
Strawberry,8.772826194763184,11.757073402404783,13.997511863708496,12.629934310913086,13.641366004943848,12.640012741088867,12.05357265472412,9.571189880371094,11.461545944213867,15.930452346801758,1.280292510986328,3.833273887634277,-0.3052008748054504,0.3910863399505615,-0.6042239665985107,12.927655220031738,20.11721611022949,11.105849266052246,7.690752506256103,14.423592567443848,13.63987922668457,13.870617866516112,11.311095237731934,14.042089462280272,15.562348365783691,13.30102825164795,12.563899993896484,1.779999852180481,12.705484390258787,13.271220207214355
SwedishLeaf,8.033056259155273,7.025238990783691,7.61650276184082,8.028250694274902,7.547935485839844,5.631669044494629,5.902182579040527,8.543402671813965,8.096962928771973,5.652135848999023,-1.5613232851028442,-1.6557928323745728,-1.1509816646575928,-2.040663480758667,-1.1362780332565308,6.951834678649902,6.1302103996276855,7.51353120803833,6.520638942718506,5.790380954742432,5.531513690948486,5.909048557281494,6.799553871154785,7.300069332122803,6.487260818481445,7.284515857696533,6.252565860748291,-1.2235461473464966,6.052847862243652,5.924724102020264
Symbols,4.860714435577393,4.411776542663574,4.442326545715332,3.98922061920166,4.757312297821045,4.476119041442871,3.4900145530700684,4.176799774169922,4.035939693450928,3.880579948425293,1.7180736064910889,0.3455445170402527,0.4349538683891296,0.1623248904943466,-0.2071809023618698,5.104546070098877,6.387219905853272,4.681268215179443,5.383893489837647,4.844535827636719,4.336018562316895,5.37108325958252,3.7310309410095215,5.902345180511475,5.836037635803223,4.225505352020264,3.788822889328003,-0.5056154131889343,4.700528144836426,4.4459381103515625
SyntheticControl,5.190974235534668,4.580371856689453,5.61068868637085,4.805131435394287,4.984590530395508,4.211946487426758,4.684112071990967,3.692251443862915,4.085207462310791,4.589611053466797,2.0015389919281006,0.72784423828125,3.9124138355255127,3.720655918121338,2.7172060012817383,6.040651798248291,4.930874824523926,5.620368480682373,5.878422737121582,4.893846035003662,5.964435577392578,4.076347827911377,4.943377494812012,4.683553218841553,5.401911735534668,5.185875415802002,4.272179126739502,3.644912481307984,5.666741847991943,5.180118560791016
ToeSegmentation1,2.60705041885376,3.710974931716919,4.735415935516357,2.5497143268585205,2.965744972229004,3.621084928512573,2.715420961380005,3.977027416229248,3.279260635375977,3.42022967338562,1.3925178050994873,-0.9802842140197754,0.1173925846815109,0.7922247648239136,-0.5776355266571045,5.004328727722168,3.7225241661071777,5.503223896026611,2.674968004226685,4.9900221824646,4.586012363433838,5.336437225341797,6.189650535583496,3.109354019165039,3.233802080154419,3.0941379070281982,2.9997708797454834,0.6155454516410828,3.831512928009033,4.141263008117676
ToeSegmentation2,5.069681644439697,5.389461994171143,3.897263526916504,5.056530952453613,5.134425640106201,6.408215999603272,4.496889591217041,3.7030067443847656,4.704011917114258,4.377350330352783,-0.5930700898170471,-0.0071141454391181,-1.0244076251983645,0.1437168568372726,-0.2986368536949157,4.038506984710693,4.71043586730957,4.144314289093018,3.524735450744629,4.052062034606934,4.525276184082031,3.981955528259277,4.717412948608398,5.025722980499268,4.466402053833008,4.992555141448975,4.334894180297852,-0.3159054517745971,4.0535197257995605,4.375371932983398
Trace,5.883840560913086,5.977799892425537,6.360351085662842,4.966787338256836,6.900432586669922,5.949883937835693,6.738091945648193,6.386098861694336,5.352425575256348,6.173474311828613,-1.1677491664886477,-0.7904413342475891,-1.2903293371200562,-1.870246410369873,-0.7640728950500488,5.234309673309326,4.383453845977783,5.876539707183838,6.33151912689209,5.402370452880859,5.994815826416016,4.960312843322754,5.664516448974609,5.888055801391602,4.311822414398193,5.820501327514648,5.837031364440918,-0.3867109715938568,4.993140697479248,5.396843433380127
TwoLeadECG,5.888306140899658,3.929786682128906,4.437168598175049,4.350296497344971,5.928305149078369,3.7287206649780273,4.629685878753662,4.588018894195557,4.577270984649658,5.793348789215088,-2.5226099491119385,-1.0594761371612549,-1.226669192314148,-0.7049976587295532,-0.9242405891418456,5.490485191345215,5.170562267303467,5.269460201263428,4.623289585113525,5.50435209274292,3.369027853012085,5.441821098327637,4.672215938568115,5.82203483581543,7.322259426116943,4.72589921951294,4.637925624847412,-0.7200967669487,5.286414623260498,4.657092094421387
TwoPatterns,13.09144687652588,14.44234561920166,13.514141082763672,13.925826072692873,15.534293174743652,13.434540748596191,12.379240036010742,12.999813079833984,13.657068252563477,12.693802833557127,-0.5259336233139038,-2.288645505905152,-0.2243919670581817,-1.7988814115524292,0.2816364169120788,18.856853485107425,15.845732688903809,15.989812850952148,13.723894119262695,11.936396598815918,11.577022552490234,14.32691764831543,13.187915802001951,15.875089645385742,13.247831344604492,14.583486557006836,12.885700225830078,-0.9383726119995116,14.782461166381836,14.209263801574709
UWaveGestureLibraryAll,13.45646858215332,12.68345832824707,12.433417320251465,12.75330924987793,11.948784828186035,13.691192626953123,13.744348526000977,13.719953536987305,14.01924991607666,13.347772598266602,-0.4870764911174774,1.0791257619857788,0.7765979766845703,0.3416226208209991,0.3031323850154876,12.55935001373291,12.82454776763916,12.23869800567627,11.991229057312012,12.364553451538086,13.443385124206545,11.24855613708496,14.058085441589355,13.835219383239746,13.20406436920166,12.694574356079102,13.827885627746582,-0.2576619982719421,12.359777450561523,13.42836093902588
UWaveGestureLibraryX,8.158343315124512,8.214974403381348,7.4240522384643555,7.29408597946167,7.321038722991943,7.883942604064941,7.413978099822998,7.365488529205322,7.45420503616333,7.54171085357666,-1.0864607095718384,0.2982183992862701,-0.955693244934082,0.4710903763771057,-0.8539053797721863,7.548605918884277,7.190093040466309,7.572036266326904,7.274914741516113,7.506650447845459,7.106610298156738,7.0057573318481445,6.923257350921631,7.316325664520264,7.375409126281738,7.6406636238098145,7.28955602645874,-0.0832417383790016,6.970734596252441,6.870335578918457
UWaveGestureLibraryY,7.972365379333496,8.055317878723145,8.339570999145508,8.270602226257324,7.619254112243652,7.05635929107666,7.124083042144775,7.20236349105835,6.861294269561768,7.44657564163208,-1.1190961599349976,-1.295138239860535,-1.459607481956482,-0.5283066034317017,-1.257372498512268,8.309185981750488,8.15955638885498,7.499249935150146,7.178309917449951,7.132072448730469,7.848955631256103,6.551623821258545,7.172037601470947,7.752984523773193,6.728087425231934,7.952746868133545,6.804497241973877,-0.994495928287506,6.419121742248535,6.409932613372803
UWaveGestureLibraryZ,8.006567001342773,8.004158973693848,7.594664573669434,7.361500740051269,8.136521339416504,7.564059257507324,7.526257514953613,7.669410705566406,7.320095539093018,7.517901420593262,-0.2535541653633117,-0.4880457520484924,-1.148650050163269,-1.103962540626526,-0.385676234960556,7.861987590789795,7.330607891082764,7.789176940917969,6.437538146972656,7.271765232086182,7.625345706939697,7.3211669921875,6.701308727264404,6.981791019439697,6.803633689880371,7.84053897857666,7.290584564208984,-0.5859314799308777,7.019461631774902,6.829330921173096
Wafer,3.2646045684814453,3.90632700920105,5.69041109085083,6.037712097167969,5.16680383682251,3.2899439334869385,2.4732866287231445,3.298513650894165,2.3073887825012207,1.9079391956329343,0.7077261805534363,0.0292248539626598,1.2561757564544678,-0.3218033015727997,-0.0892453119158744,3.4070093631744385,5.46279764175415,5.663398265838623,3.363072872161865,4.503397464752197,5.199943542480469,5.671935558319092,5.273675918579102,2.53254771232605,7.873775482177734,3.252859592437744,1.4689223766326904,-0.2753936052322387,3.663697004318237,4.864846706390381
Wine,1.891971111297608,20.2071590423584,14.202098846435549,30.8234806060791,34.82030487060547,11.88286590576172,10.516620635986328,2.905703067779541,-15.107678413391112,4.405572891235352,0.6030440330505371,4.393920421600342,-5.911090850830078,5.6907477378845215,-4.895105838775635,13.658702850341797,8.26903247833252,31.30976676940918,-14.078295707702637,21.465770721435547,14.338199615478516,17.802875518798828,11.013845443725586,-0.7311683893203735,15.519403457641602,34.37782669067383,-4.0877685546875,-2.267106771469116,5.52363395690918,22.17387008666992
WordSynonyms,6.165019035339356,5.923988342285156,6.004767417907715,5.964076995849609,6.5713982582092285,5.49862003326416,5.19282341003418,5.99191427230835,5.036863327026367,5.7812819480896,-0.7221795320510864,-0.7291162014007568,-0.4314742982387543,-1.837912559509277,-0.4112525880336761,5.82270097732544,5.871909141540527,6.114026546478272,5.938565731048584,5.669885158538818,6.352370262145996,5.190487384796143,5.887350559234619,5.393115997314453,5.999115467071533,5.940176486968994,5.295568466186523,-1.2386642694473269,5.691020965576172,5.542769432067871
Worms,6.503624439239502,6.431376457214356,6.164595127105713,6.204344272613525,6.060380458831787,6.058681488037109,6.015701770782471,6.343082427978516,6.793829441070557,5.770571708679199,0.0134580833837389,-0.0343255512416362,0.8078517913818359,-0.3909651339054107,0.0460075885057449,6.786166667938232,6.191300868988037,6.819090366363525,6.28460168838501,6.146907806396484,6.180294513702393,7.042216300964356,6.196256160736084,5.971317291259766,5.901538372039795,5.724904537200928,5.555828094482422,0.452885627746582,5.686987400054932,5.5363545417785645
WormsTwoClass,6.7776875495910645,6.8948893547058105,8.061471939086914,5.96025276184082,6.295382976531982,6.817730903625488,7.313299655914307,6.658730983734131,6.214648246765137,6.394402980804443,0.109673261642456,0.7572782039642334,0.553920567035675,0.8089553117752075,0.3748847246170044,5.560234546661377,5.912106037139893,5.480011463165283,5.280974864959717,4.459012508392334,5.814455986022949,6.155258655548096,5.760007858276367,7.24161958694458,4.865562438964844,6.328361034393311,5.934988498687744,0.8054616451263428,4.875951290130615,5.309187412261963
Yoga,4.777827739715576,7.151119709014893,4.78200101852417,7.662508010864258,7.324410915374756,8.799480438232422,6.596450328826904,8.878901481628418,6.565145015716553,2.394325256347656,0.1156277433037757,0.0693209320306778,0.3709472119808197,0.1351339519023895,0.6081264019012451,6.21185827255249,1.3309727907180786,4.694500923156738,-4.389663219451904,6.681666851043701,6.0933685302734375,4.406671524047852,7.567135334014893,4.212031841278076,1.3286969661712646,6.127254962921143,5.379148006439209,0.1987719982862472,2.6623029708862305,5.193282604217529
